{
  "avg": {
    "NLL_correct": 1.3749910183638956,
    "NLL_qonly": 1.3755864912333589,
    "NLL_shuffle": 1.3749924589064904,
    "NLL_zero": 1.3749834483411785,
    "qonly_margin": 0.0005954728694632649,
    "shuffle_margin": 1.4405425948401291e-06,
    "zero_margin": -7.570022717118263e-06
  },
  "eval_samples": 512,
  "sections": {
    "caption": {
      "NLL_correct": 1.4668465811992064,
      "NLL_qonly": 1.467310854641255,
      "NLL_shuffle": 1.4666823004372418,
      "NLL_zero": 1.4665977694676258,
      "qonly_margin": 0.00046427344204857945,
      "samples": 512,
      "shuffle_margin": -0.00016428076196461916,
      "shuffle_margin_ci": [
        -0.000452160369604826,
        9.678385686129332e-05
      ],
      "zero_margin": -0.00024881173158064485
    },
    "reasoning": {
      "NLL_correct": 1.4609802209306508,
      "NLL_qonly": 1.4613902173005044,
      "NLL_shuffle": 1.4610462018754333,
      "NLL_zero": 1.4613053282373585,
      "qonly_margin": 0.00040999636985361576,
      "samples": 512,
      "shuffle_margin": 6.59809447824955e-05,
      "shuffle_margin_ci": [
        -0.0001726023037917912,
        0.00029111094772815704
      ],
      "zero_margin": 0.0003251073067076504
    },
    "summary": {
      "NLL_correct": 1.1971462529618293,
      "NLL_qonly": 1.198058401758317,
      "NLL_shuffle": 1.197248874406796,
      "NLL_zero": 1.197047247318551,
      "qonly_margin": 0.0009121487964875996,
      "samples": 512,
      "shuffle_margin": 0.00010262144496664405,
      "shuffle_margin_ci": [
        -0.00016617710934951901,
        0.0003810862544924021
      ],
      "zero_margin": -9.900564327836037e-05
    }
  }
}
