{
  "caption": {
    "abs_max": 3.762543201446533e-07,
    "abs_mean": 7.844944605039927e-08,
    "loss": 0.6490175127983093,
    "max": 3.557652235031128e-07,
    "mean": -4.22783719145059e-09,
    "nonzero": true,
    "norm": 4.479219114728039e-06
  },
  "reasoning": {
    "abs_max": 1.4435499906539917e-07,
    "abs_mean": 3.6153195992483234e-08,
    "loss": 0.8521132469177246,
    "max": 1.434236764907837e-07,
    "mean": -5.913670664270398e-10,
    "nonzero": true,
    "norm": 2.045151177298976e-06
  },
  "summary": {
    "abs_max": 1.0663643479347229e-07,
    "abs_mean": 2.4707757617647985e-08,
    "loss": 0.5353701710700989,
    "max": 1.0663643479347229e-07,
    "mean": -3.6756270249682643e-10,
    "nonzero": true,
    "norm": 1.3922300468038884e-06
  }
}
