{
  "detach_encoder_latent": false,
  "eval_size": 45,
  "formal_result": {
    "result": {
      "checkpoint_saved": true,
      "generation_eval": "/data/zxl/runs/heima_ab_loss1_tiny_acceptance_v1/ours/generations/ours_loss1_no_detach.jsonl",
      "gradient_attribution": {
        "cumulative_grad_mode": "all_prefix",
        "detach_encoder_latent": false,
        "finite": true,
        "grad_A_from_loss1": 1.5054756589843754,
        "loss1_latent_context_mode": "local",
        "stage_latent_grads": {
          "caption": {
            "caption": {
              "finite": true,
              "norm": 0.00029950961470603943
            },
            "reasoning": {
              "finite": true,
              "norm": 0.0
            },
            "summary": {
              "finite": true,
              "norm": 0.0
            }
          },
          "reasoning": {
            "caption": {
              "finite": true,
              "norm": 0.0
            },
            "reasoning": {
              "finite": true,
              "norm": 0.000647770706564188
            },
            "summary": {
              "finite": true,
              "norm": 0.0
            }
          },
          "summary": {
            "caption": {
              "finite": true,
              "norm": 0.0
            },
            "reasoning": {
              "finite": true,
              "norm": 0.0
            },
            "summary": {
              "finite": true,
              "norm": 0.0011560680577531457
            }
          }
        }
      },
      "logs": [
        {
          "grad_A": 133.86569168940667,
          "loss1": {
            "caption": 0.4615989327430725,
            "reasoning": 0.7957949638366699,
            "summary": 1.3501332998275757
          },
          "main": 0.5506364703178406,
          "step": 1,
          "total": 0.8113892078399658
        },
        {
          "grad_A": 16.921286653347728,
          "loss1": {
            "caption": 0.688157856464386,
            "reasoning": 0.5328099727630615,
            "summary": 0.514686107635498
          },
          "main": 0.21009084582328796,
          "step": 10,
          "total": 0.38365623354911804
        },
        {
          "grad_A": 10.296617637304395,
          "loss1": {
            "caption": 0.2899026572704315,
            "reasoning": 0.5470141768455505,
            "summary": 0.7245233654975891
          },
          "main": 0.033542294055223465,
          "step": 20,
          "total": 0.18968631327152252
        }
      ],
      "runtime_sec": 132.4940631389618,
      "validation": {
        "main_nll": 0.4088545723300841,
        "sections": {
          "caption": {
            "context_mode": "local",
            "cumulative_vs_local_gain": 0.0,
            "current_shuffle_margin": -0.0017613450686135845,
            "history_shuffle_margin": null,
            "latent_geometry": {
              "effective_rank": 6.975979804992676,
              "pairwise_cosine_mean": 0.9616535305976868,
              "pairwise_cosine_std": 0.023473961278796196,
              "within_dataset_variance_mean": 0.5055530071258545,
              "within_dataset_variance_sum": 1035.37255859375
            },
            "nll_correct": 1.7725357095400491,
            "nll_current_shuffle": 1.7707743644714355,
            "nll_history_shuffle": null,
            "nll_q_only": 1.770855059888628,
            "nll_random": 1.770089570681254,
            "nll_whole_shuffle": 1.7707743644714355,
            "nll_zero": 1.7714992907312181,
            "normal_shuffle_margin": -0.0017613450686135845,
            "normal_zero_margin": -0.0010364188088309856,
            "q_only_nll": 1.770855059888628,
            "q_plus_z_gain": -0.0016806496514212288,
            "qz_gain_over_q": -0.0016806496514212288,
            "qz_nll": 1.7725357095400491,
            "shuffle_nll": 1.7707743644714355,
            "whole_shuffle_margin": -0.0017613450686135845,
            "zero_nll": 1.7714992907312181
          },
          "reasoning": {
            "context_mode": "local",
            "cumulative_vs_local_gain": 0.0,
            "current_shuffle_margin": -0.0020857228173150055,
            "history_shuffle_margin": null,
            "latent_geometry": {
              "effective_rank": 4.003932476043701,
              "pairwise_cosine_mean": 0.8306884765625,
              "pairwise_cosine_std": 0.12592126429080963,
              "within_dataset_variance_mean": 2.8653838634490967,
              "within_dataset_variance_sum": 5868.30615234375
            },
            "nll_correct": 1.7103016694386801,
            "nll_current_shuffle": 1.7082159466213651,
            "nll_history_shuffle": null,
            "nll_q_only": 1.6913188497225444,
            "nll_random": 1.7056827929284837,
            "nll_whole_shuffle": 1.7082159466213651,
            "nll_zero": 1.6948165059089662,
            "normal_shuffle_margin": -0.0020857228173150055,
            "normal_zero_margin": -0.015485163529713963,
            "q_only_nll": 1.6913188497225444,
            "q_plus_z_gain": -0.01898281971613569,
            "qz_gain_over_q": -0.01898281971613569,
            "qz_nll": 1.7103016694386801,
            "shuffle_nll": 1.7082159466213651,
            "whole_shuffle_margin": -0.0020857228173150055,
            "zero_nll": 1.6948165059089662
          },
          "summary": {
            "context_mode": "local",
            "cumulative_vs_local_gain": 0.0,
            "current_shuffle_margin": -0.00025731722513833155,
            "history_shuffle_margin": null,
            "latent_geometry": {
              "effective_rank": 11.22821044921875,
              "pairwise_cosine_mean": 0.8435540795326233,
              "pairwise_cosine_std": 0.07681754231452942,
              "within_dataset_variance_mean": 2.264784812927246,
              "within_dataset_variance_sum": 4638.279296875
            },
            "nll_correct": 1.5986683779292636,
            "nll_current_shuffle": 1.5984110607041253,
            "nll_history_shuffle": null,
            "nll_q_only": 1.5813664635022482,
            "nll_random": 1.5887654927041797,
            "nll_whole_shuffle": 1.5984110607041253,
            "nll_zero": 1.5754405154122246,
            "normal_shuffle_margin": -0.00025731722513833155,
            "normal_zero_margin": -0.02322786251703901,
            "q_only_nll": 1.5813664635022482,
            "q_plus_z_gain": -0.017301914427015452,
            "qz_gain_over_q": -0.017301914427015452,
            "qz_nll": 1.5986683779292636,
            "shuffle_nll": 1.5984110607041253,
            "whole_shuffle_margin": -0.00025731722513833155,
            "zero_nll": 1.5754405154122246
          }
        }
      }
    },
    "run_dir": "/data/zxl/runs/heima_ab_loss1_tiny_acceptance_v1/ours"
  },
  "generated_at_utc": "2026-07-21T15:09:12Z",
  "mode": "no_detach",
  "semantic_evaluator_contract": {
    "answer_metric": "answer_accuracy from deterministic Model A generation",
    "example_token_diagnostics": {
      "answer_mask": [
        false,
        false,
        false,
        false,
        false,
        false,
        false,
        false,
        false,
        false,
        false,
        false,
        false,
        false,
        false,
        false,
        false,
        false,
        false,
        false,
        false,
        false,
        false,
        false,
        false,
        false,
        false,
        false,
        false,
        false,
        false,
        false,
        false,
        false,
        false,
        false,
        false,
        false,
        false,
        false,
        false,
        false,
        false,
        false,
        false,
        false,
        false
      ],