{
  "final_test": {
    "latent_geometry": {
      "caption": {
        "effective_rank": 3.0035805702209473,
        "pairwise_cosine_mean": 0.9998987317085266,
        "pairwise_cosine_std": 8.715069270692766e-05,
        "within_dataset_variance_mean": 0.04014373943209648,
        "within_dataset_variance_sum": 30.83039093017578
      },
      "reasoning": {
        "effective_rank": 3.3574984073638916,
        "pairwise_cosine_mean": 0.9999160170555115,
        "pairwise_cosine_std": 7.336989074246958e-05,
        "within_dataset_variance_mean": 0.0294870063662529,
        "within_dataset_variance_sum": 22.646020889282227
      },
      "summary": {
        "effective_rank": 3.7134337425231934,
        "pairwise_cosine_mean": 0.9997827410697937,
        "pairwise_cosine_std": 0.000259710184764117,
        "within_dataset_variance_mean": 0.06157970428466797,
        "within_dataset_variance_sum": 47.293212890625
      }
    },
    "loss1_nll": {
      "caption": 1.9904481675889758,
      "reasoning": 1.9577466858757866,
      "summary": 1.6640408833821614
    },
    "main_nll": 1.0519069486194186
  },
  "final_validation": {
    "latent_geometry": {
      "caption": {
        "effective_rank": 3.309924602508545,
        "pairwise_cosine_mean": 0.999910831451416,
        "pairwise_cosine_std": 7.983102113939822e-05,
        "within_dataset_variance_mean": 0.03470741584897041,
        "within_dataset_variance_sum": 26.655296325683594
      },
      "reasoning": {
        "effective_rank": 3.510270833969116,
        "pairwise_cosine_mean": 0.9999213814735413,
        "pairwise_cosine_std": 6.478761497419327e-05,
        "within_dataset_variance_mean": 0.02785598672926426,
        "within_dataset_variance_sum": 21.39339828491211
      },
      "summary": {
        "effective_rank": 3.5219080448150635,
        "pairwise_cosine_mean": 0.9997349977493286,
        "pairwise_cosine_std": 0.0004272929800208658,
        "within_dataset_variance_mean": 0.07222837209701538,
        "within_dataset_variance_sum": 55.47138977050781
      }
    },
    "loss1_nll": {
      "caption": 1.9600830223825243,
      "reasoning": 2.1192745076285466,
      "summary": 1.6824735773934258
    },
    "main_nll": 1.1914404418733384
  },
  "initial_validation": {
    "latent_geometry": {
      "caption": {
        "effective_rank": 1.4188889265060425,
        "pairwise_cosine_mean": 0.9707823991775513,
        "pairwise_cosine_std": 0.04098495468497276,
        "within_dataset_variance_mean": 2.3115217685699463,
        "within_dataset_variance_sum": 1775.248779296875
      },
      "reasoning": {
        "effective_rank": 1.3981387615203857,
        "pairwise_cosine_mean": 0.986057698726654,
        "pairwise_cosine_std": 0.020597858354449272,
        "within_dataset_variance_mean": 3.653498888015747,
        "within_dataset_variance_sum": 2805.88720703125
      },
      "summary": {
        "effective_rank": 3.4230968952178955,
        "pairwise_cosine_mean": 0.9974443912506104,
        "pairwise_cosine_std": 0.0038605835288763046,
        "within_dataset_variance_mean": 0.26562371850013733,
        "within_dataset_variance_sum": 203.99900817871094
      }
    },
    "loss1_nll": {
      "caption": 3.288014735115899,
      "reasoning": 3.0857912222544353,
      "summary": 3.4854143884446884
    },
    "main_nll": 5.993913830651177
  },
  "logs": [
    {
      "grad_A_total": 42.91585062227797,
      "grad_decoder": {
        "caption": 3.8208926478108367,
        "reasoning": 2.1981841965445432,
        "summary": 2.948358203360967
      },
      "grad_projector": {
        "caption": 4.184198721556973,
        "reasoning": 1.023790254349259,
        "summary": 0.7372066433326699
      },
      "loss1": {
        "caption": 4.248552322387695,
        "reasoning": 4.036423206329346,
        "summary": 3.8330776691436768
      },
      "main": 6.514636993408203,
      "step": 1,
      "total": 7.726442337036133
    },
    {
      "grad_A_total": 20.941215533357465,
      "grad_decoder": {
        "caption": 1.4754276510922242,
        "reasoning": 1.1481118720634773,
        "summary": 1.5030392060369628
      },
      "grad_projector": {
        "caption": 0.13900258464388282,
        "reasoning": 0.06841377991680202,
        "summary": 0.05136362100985156
      },
      "loss1": {
        "caption": 2.7716097831726074,
        "reasoning": 2.656794786453247,
        "summary": 1.8205574750900269
      },
      "main": 2.6398041248321533,
      "step": 20,
      "total": 3.3647003173828125
    },
    {
      "grad_A_total": 31.40761100442236,
      "grad_decoder": {
        "caption": 1.3236155772178846,
        "reasoning": 1.3676428454904823,
        "summary": 1.635998900808332
      },
      "grad_projector": {
        "caption": 0.07130343890006474,
        "reasoning": 0.05820352347729536,
        "summary": 0.05657924604895636
      },
      "loss1": {
        "caption": 2.3095765113830566,
        "reasoning": 2.676462173461914,
        "summary": 2.0074825286865234
      },
      "main": 2.399941921234131,
      "step": 40,
      "total": 3.0992941856384277
    },
    {
      "grad_A_total": 48.059808284311764,
      "grad_decoder": {
        "caption": 1.2027165353917277,
        "reasoning": 1.0382960112078081,
        "summary": 1.4534194804967866
      },
      "grad_projector": {
        "caption": 0.07565667861280143,
        "reasoning": 0.059202713910656644,
        "summary": 0.066292463826181
      },
      "loss1": {
        "caption": 1.7569576501846313,
        "reasoning": 2.194216012954712,
        "summary": 1.6306941509246826
      },
      "main": 1.8684378862380981,
      "step": 60,
      "total": 2.4266247749328613
    },
    {
      "grad_A_total": 38.52618747303028,
      "grad_decoder": {
        "caption": 1.1295146763852677,
        "reasoning": 1.2396376634747128,
        "summary": 1.5232619405155834
      },
      "grad_projector": {
        "caption": 0.0789120215975698,
        "reasoning": 0.051793694725560425,
        "summary": 0.06936081945486448
      },
      "loss1": {
        "caption": 2.029447317123413,
        "reasoning": 1.7943356037139893,
        "summary": 1.3847711086273193
      },
      "main": 1.0968894958496094,
      "step": 80,
      "total": 1.6177449226379395
    }
  ],
  "position_trace_first_batch": {
    "caption": {
      "selected_pos": [
        34,
        36,
        38,
        33
      ],
      "thinking_pos": [
        35,
        37,
        39,
        34
      ]
    },
    "reasoning": {
      "selected_pos": [
        41,
        43,
        45,
        40
      ],
      "thinking_pos": [
        42,
        44,
        46,
        41
      ]
    },
    "summary": {
      "selected_pos": [
        27,
        29,
        31,
        26
      ],
      "thinking_pos": [
        28,
        30,
        32,
        27
      ]
    }
  },
  "runtime_sec": 24.588871717453003,
  "seed": 43,
  "status": "complete"
}
