{
  "num_seeds": 1,
  "status": "complete",
  "test_loss1_nll": {
    "42": {
      "caption": 2.677776151233249,
      "reasoning": 2.6007135497199165,
      "summary": 2.9070153660244413
    }
  },
  "test_main_nll": {
    "42": 4.167103809780545
  },
  "validation_loss1_nll": {
    "42": {
      "caption": 2.6849457105000814,
      "reasoning": 2.706605699327257,
      "summary": 2.9524388313293457
    }
  },
  "validation_main_nll": {
    "42": 4.097372913360596
  }
}
