{
  "42": {
    "stage_1": {
      "between_pair_distance": 8.405113753179709,
      "context_value_linear_probe_train_r2": {
        "value_0": 0.8155629634857178,
        "value_1": 0.7687729597091675,
        "value_2": 0.9182297587394714,
        "value_3": 0.9181609153747559,
        "value_4": 0.9377196431159973,
        "value_5": 0.9561622738838196
      },
      "mean_centered": {
        "effective_rank": 4.33493185043335,
        "pairwise_cosine_mean": -0.012252642773091793,
        "pairwise_cosine_std": 0.5018256306648254,
        "within_dataset_variance_mean": 0.05069249868392944,
        "within_dataset_variance_sum": 38.93183898925781
      },
      "raw": {
        "effective_rank": 4.33493185043335,
        "pairwise_cosine_mean": 0.9997546076774597,
        "pairwise_cosine_std": 0.0001690638455329463,
        "within_dataset_variance_mean": 0.05069249868392944,
        "within_dataset_variance_sum": 38.93183898925781
      },
      "whitened": {
        "effective_rank": 62.99831008911133,
        "pairwise_cosine_mean": -0.015872953459620476,
        "pairwise_cosine_std": 0.0008275298168882728,
        "within_dataset_variance_mean": 0.08035503327846527,
        "within_dataset_variance_sum": 61.71266555786133
      },
      "within_pair_distance": 4.705824088305235
    },
    "stage_2": {
      "between_pair_distance": 6.817898687534035,
      "context_value_linear_probe_train_r2": {
        "value_0": 0.6890508532524109,
        "value_1": 0.9706363677978516,
        "value_2": 0.881332278251648,
        "value_3": 0.9186935424804688,
        "value_4": 0.9283961653709412,
        "value_5": 0.8931882977485657
      },
      "mean_centered": {
        "effective_rank": 3.596245288848877,
        "pairwise_cosine_mean": -0.011977620422840118,
        "pairwise_cosine_std": 0.590888261795044,
        "within_dataset_variance_mean": 0.033454783260822296,
        "within_dataset_variance_sum": 25.693273544311523
      },
      "raw": {
        "effective_rank": 3.5962464809417725,
        "pairwise_cosine_mean": 0.9998326897621155,
        "pairwise_cosine_std": 0.00011028983863070607,
        "within_dataset_variance_mean": 0.033454779535532,
        "within_dataset_variance_sum": 25.69327163696289
      },
      "whitened": {
        "effective_rank": 62.9986686706543,
        "pairwise_cosine_mean": -0.015872981399297714,
        "pairwise_cosine_std": 0.0007473254227079451,
        "within_dataset_variance_mean": 0.0803898349404335,
        "within_dataset_variance_sum": 61.7393913269043
      },
      "within_pair_distance": 3.8255043079455695
    },
    "stage_3": {
      "between_pair_distance": 11.628818025377889,
      "context_value_linear_probe_train_r2": {
        "value_0": 0.9728990197181702,
        "value_1": 0.9574892520904541,
        "value_2": 0.9817305207252502,
        "value_3": 0.9678052067756653,
        "value_4": 0.9856345057487488,
        "value_5": 0.9794061779975891
      },
      "mean_centered": {
        "effective_rank": 2.7170534133911133,
        "pairwise_cosine_mean": -0.012897818349301815,
        "pairwise_cosine_std": 0.6510911583900452,
        "within_dataset_variance_mean": 0.10190945863723755,
        "within_dataset_variance_sum": 78.26646423339844
      },
      "raw": {
        "effective_rank": 2.717052698135376,
        "pairwise_cosine_mean": 0.9980672001838684,
        "pairwise_cosine_std": 0.0012468158965930343,
        "within_dataset_variance_mean": 0.10190945863723755,
        "within_dataset_variance_sum": 78.26646423339844
      },
      "whitened": {
        "effective_rank": 62.99917984008789,
        "pairwise_cosine_mean": -0.01587299443781376,
        "pairwise_cosine_std": 0.0006007413612678647,
        "within_dataset_variance_mean": 0.0805821344256401,
        "within_dataset_variance_sum": 61.887081146240234
      },
      "within_pair_distance": 6.826034023116033
    }
  },
  "43": {
    "stage_1": {
      "between_pair_distance": 4.500297066204561,
      "context_value_linear_probe_train_r2": {
        "value_0": 0.9062643051147461,
        "value_1": 0.6918119788169861,
        "value_2": 0.941146969795227,
        "value_3": 0.8747768402099609,
        "value_4": 0.9510464072227478,
        "value_5": 0.9361833333969116
      },
      "mean_centered": {
        "effective_rank": 2.8485825061798096,
        "pairwise_cosine_mean": -0.01544365007430315,
        "pairwise_cosine_std": 0.6348083019256592,
        "within_dataset_variance_mean": 0.014616006053984165,
        "within_dataset_variance_sum": 11.225092887878418
      },
      "raw": {
        "effective_rank": 2.8485820293426514,
        "pairwise_cosine_mean": 0.9999268651008606,
        "pairwise_cosine_std": 4.945082400809042e-05,
        "within_dataset_variance_mean": 0.014616006053984165,
        "within_dataset_variance_sum": 11.225092887878418
      },
      "whitened": {
        "effective_rank": 62.869571685791016,
        "pairwise_cosine_mean": -0.01587104983627796,
        "pairwise_cosine_std": 0.00762149877846241,
        "within_dataset_variance_mean": 0.0769210085272789,
        "within_dataset_variance_sum": 59.07533645629883
      },
      "within_pair_distance": 1.1228998654211562
    },
    "stage_2": {
      "between_pair_distance": 4.937690134191265,
      "context_value_linear_probe_train_r2": {
        "value_0": 0.8744606971740723,
        "value_1": 0.7793721556663513,
        "value_2": 0.8114823698997498,
        "value_3": 0.8354907035827637,
        "value_4": 0.8787698745727539,
        "value_5": 0.9751842021942139
      },
      "mean_centered": {
        "effective_rank": 3.7972872257232666,
        "pairwise_cosine_mean": -0.007712328340858221,
        "pairwise_cosine_std": 0.5424703359603882,
        "within_dataset_variance_mean": 0.017186041921377182,
        "within_dataset_variance_sum": 13.198880195617676
      },
      "raw": {
        "effective_rank": 3.797288179397583,
        "pairwise_cosine_mean": 0.999921977519989,
        "pairwise_cosine_std": 5.2228784625185654e-05,
        "within_dataset_variance_mean": 0.017186041921377182,
        "within_dataset_variance_sum": 13.198880195617676
      },
      "whitened": {
        "effective_rank": 62.99329376220703,
        "pairwise_cosine_mean": -0.01587286964058876,
        "pairwise_cosine_std": 0.0017127192113548517,
        "within_dataset_variance_mean": 0.0798616111278534,
        "within_dataset_variance_sum": 61.333717346191406
      },
      "within_pair_distance": 1.704300345852971
    },
    "stage_3": {
      "between_pair_distance": 13.175985901771734,
      "context_value_linear_probe_train_r2": {
        "value_0": 0.8362432718276978,
        "value_1": 0.8392838835716248,
        "value_2": 0.8864747881889343,
        "value_3": 0.9312512278556824,
        "value_4": 0.9192422032356262,
        "value_5": 0.9780294299125671
      },
      "mean_centered": {
        "effective_rank": 1.6155152320861816,
        "pairwise_cosine_mean": -0.0005188519135117531,
        "pairwise_cosine_std": 0.7546625137329102,
        "within_dataset_variance_mean": 0.1414118856191635,
        "within_dataset_variance_sum": 108.60432434082031
      },
      "raw": {
        "effective_rank": 1.615515112876892,
        "pairwise_cosine_mean": 0.9981231689453125,
        "pairwise_cosine_std": 0.0017046337015926838,
        "within_dataset_variance_mean": 0.1414118856191635,
        "within_dataset_variance_sum": 108.60432434082031
      },
      "whitened": {
        "effective_rank": 62.98545455932617,
        "pairwise_cosine_mean": -0.015872931107878685,
        "pairwise_cosine_std": 0.00267806020565331,
        "within_dataset_variance_mean": 0.08049199730157852,
        "within_dataset_variance_sum": 61.81785583496094
      },
      "within_pair_distance": 2.9086524099111557
    }
  },
  "44": {
    "stage_1": {
      "between_pair_distance": 5.430884719717627,