{
  "42": {
    "stage_1": {
      "R@1": 0.390625,
      "R@2": 0.640625,
      "R@4": 1.0,
      "mean_rank": 2.078125,
      "random_R@1": 0.25
    },
    "stage_2": {
      "R@1": 0.234375,
      "R@2": 0.546875,
      "R@4": 1.0,
      "mean_rank": 2.421875,
      "random_R@1": 0.25
    },
    "stage_3": {
      "R@1": 0.28125,
      "R@2": 0.59375,
      "R@4": 1.0,
      "mean_rank": 2.34375,
      "random_R@1": 0.25
    }
  },
  "43": {
    "stage_1": {
      "R@1": 0.234375,
      "R@2": 0.484375,
      "R@4": 1.0,
      "mean_rank": 2.546875,
      "random_R@1": 0.25
    },
    "stage_2": {
      "R@1": 0.234375,
      "R@2": 0.53125,
      "R@4": 1.0,
      "mean_rank": 2.484375,
      "random_R@1": 0.25
    },
    "stage_3": {
      "R@1": 0.296875,
      "R@2": 0.515625,
      "R@4": 1.0,
      "mean_rank": 2.34375,
      "random_R@1": 0.25
    }
  },
  "44": {
    "stage_1": {
      "R@1": 0.296875,
      "R@2": 0.484375,
      "R@4": 1.0,
      "mean_rank": 2.421875,
      "random_R@1": 0.25
    },
    "stage_2": {
      "R@1": 0.265625,
      "R@2": 0.484375,
      "R@4": 1.0,
      "mean_rank": 2.53125,
      "random_R@1": 0.25
    },
    "stage_3": {
      "R@1": 0.25,
      "R@2": 0.484375,
      "R@4": 1.0,
      "mean_rank": 2.5625,
      "random_R@1": 0.25
    }
  }
}
