{
  "42": {
    "predictor": {
      "stage_1": {
        "masked_margin": -0.0002827644348144531,
        "normal_shuffle": -2.002716064453125e-05,
        "q_gain": 0.011848211288452148
      },
      "stage_2": {
        "masked_margin": 0.0008521080017089844,
        "normal_shuffle": -6.0439109802246094e-05,
        "q_gain": 0.05416226387023926
      },
      "stage_3": {
        "masked_margin": -0.006120443344116211,
        "normal_shuffle": 0.0008497238159179688,
        "q_gain": 0.0016971826553344727
      }
    },
    "token": {
      "stage_1": {
        "masked_margin": 0.0006842613220214844,
        "normal_shuffle": 0.00013911724090576172,
        "q_gain": 0.014696002006530762
      },
      "stage_2": {
        "masked_margin": -0.001348733901977539,
        "normal_shuffle": -0.00023353099822998047,
        "q_gain": 0.03911316394805908
      },
      "stage_3": {
        "masked_margin": 0.001764059066772461,
        "normal_shuffle": -0.0003362894058227539,
        "q_gain": -0.0059490203857421875
      }
    }
  },
  "43": {
    "predictor": {
      "stage_1": {
        "masked_margin": 0.0003902912139892578,
        "normal_shuffle": -1.6987323760986328e-05,
        "q_gain": 0.0230104923248291
      },
      "stage_2": {
        "masked_margin": 0.0008654594421386719,
        "normal_shuffle": 0.00034034252166748047,
        "q_gain": 0.05364859104156494
      },
      "stage_3": {
        "masked_margin": 0.0027980804443359375,
        "normal_shuffle": 0.0007574558258056641,
        "q_gain": 0.02133023738861084
      }
    },
    "token": {
      "stage_1": {
        "masked_margin": 0.0018939971923828125,
        "normal_shuffle": 5.0187110900878906e-05,
        "q_gain": 0.11664241552352905
      },
      "stage_2": {
        "masked_margin": -0.00040340423583984375,
        "normal_shuffle": -1.9788742065429688e-05,
        "q_gain": 0.039862632751464844
      },
      "stage_3": {
        "masked_margin": 0.006018638610839844,
        "normal_shuffle": 0.0004156827926635742,
        "q_gain": -0.01838219165802002
      }
    }
  },
  "44": {
    "predictor": {
      "stage_1": {
        "masked_margin": 0.001995086669921875,
        "normal_shuffle": 3.0100345611572266e-05,
        "q_gain": 0.02212834358215332
      },
      "stage_2": {
        "masked_margin": -0.0005555152893066406,
        "normal_shuffle": -2.3484230041503906e-05,
        "q_gain": 0.034155964851379395
      },
      "stage_3": {
        "masked_margin": 0.004277944564819336,
        "normal_shuffle": -0.0002970695495605469,
        "q_gain": 0.04922378063201904
      }
    },
    "token": {
      "stage_1": {
        "masked_margin": 0.0005462169647216797,
        "normal_shuffle": 4.7087669372558594e-05,
        "q_gain": 0.013607621192932129
      },
      "stage_2": {
        "masked_margin": 0.01153254508972168,
        "normal_shuffle": 0.0004649162292480469,
        "q_gain": 0.10317611694335938
      },
      "stage_3": {
        "masked_margin": 0.015560507774353027,
        "normal_shuffle": -0.004699587821960449,
        "q_gain": 0.03567802906036377
      }
    }
  }
}
