{
  "dataset_template_homogeneity": true,
  "mean_token_overlap": 0.5962684631579267,
  "numeric_token_fraction": 0.36159600997506236,
  "position_entropy": [
    0.0,
    0.0,
    4.226409765557392,
    0.0,
    3.9681390622295662,
    0.0,
    4.226409765557392,
    0.0,
    3.9681390622295662,
    0.0,
    4.476409765557392,
    0.0,
    0.0,
    0.0,
    0.0,
    0.0,
    0.0,
    3.2272170014624826,
    0.0,
    4.476409765557392,
    0.0,
    3.2272170014624826,
    0.0,
    4.875,
    0.3997900666170139,
    0.0
  ],
  "position_entropy_mean": 1.4258131252396415,
  "sample_specific_token_fraction": 0.5610972568578554,
  "total_tokens": 802,
  "unique_templates_without_numbers": 1
}
