{
  "config": {
    "checkpoint_dir": "experiments/g1_gpt2/checkpoints/main_l1",
    "eval_samples": 16,
    "evaluation_interval": 25,
    "experiment_name": "main_l1",
    "gradient_accumulation_steps": 4,
    "lambda1": 0.1,
    "learning_rate_A": 1e-05,
    "learning_rate_B": 1e-05,
    "local_files_only": true,
    "log_interval": 10,
    "max_answer_tokens": 16,
    "max_cot_tokens": 96,
    "max_grad_norm": 1.0,
    "max_question_tokens": 64,
    "max_steps": 120,
    "micro_batch_size": 2,
    "model_name_or_path": "/mnt/nas/share2/home/zxl/models/openai-community-gpt2",
    "report_path": "experiments/g1_gpt2/reports/main_l1_report.json",
    "seed": 42,
    "train_path": "experiments/g1_gpt2/data/synthetic_g1_train.jsonl",
    "use_safetensors": true,
    "validation_path": "experiments/g1_gpt2/data/synthetic_g1_validation.jsonl",
    "weight_decay": 0.01
  },
  "eval": {
    "answer_em": 0.0,
    "answer_nll": 3.1133716106414795
  },
  "experiment": "main_l1",
  "final_l1": 1.8368232250213623,
  "initial_l1": 8.873208045959473,
  "interventions": {
    "answer_intervention": {
      "normal": {
        "em": 0.0,
        "nll": 3.1133716106414795
      },
      "random": {
        "em": 0.0,
        "nll": 3.618218183517456
      },
      "shuffled": {
        "em": 0.0,
        "nll": 3.1136600971221924
      },
      "zero": {
        "em": 0.0,
        "nll": 3.3933510780334473
      }
    },
    "decode_intervention": {
      "normal": {
        "nll": 1.3421013355255127
      },
      "random": {
        "nll": 3.543884754180908
      },
      "shuffled": {
        "nll": 1.3427118062973022
      },
      "zero": {
        "nll": 3.7308809757232666
      }
    },
    "first_cot_token_logit_difference": 113.65316772460938
  },
  "logs": [
    {
      "finite_ratio": 1.0,
      "g_l1_norm": 0.24586786329746246,
      "g_main_l1_cosine": 0.02415722981095314,
      "g_main_norm": 0.26129215955734253,
      "loss1": 9.020713567733765,
      "loss_main": 10.845300674438477,
      "model_a_grad_finite": true,
      "model_a_grad_norm": 0.9986858949340832,
      "model_b_grad_finite": true,
      "model_b_grad_norm": 0.051251563347558184,
      "peak_gpu_memory_mb": 4800.3515625,
      "step": 1,
      "step_time_sec": 0.4182407855987549,
      "total_loss": 11.747372150421143,
      "z_grad_norm": 0.41733160614967346
    },
    {
      "finite_ratio": 1.0,
      "g_l1_norm": 0.0729961022734642,
      "g_main_l1_cosine": 0.02020941488444805,
      "g_main_norm": 0.19084641337394714,
      "loss1": 6.1773107051849365,
      "loss_main": 5.924837827682495,
      "model_a_grad_finite": true,
      "model_a_grad_norm": 0.9994156874046085,
      "model_b_grad_finite": true,
      "model_b_grad_norm": 0.03417895243753349,
      "peak_gpu_memory_mb": 4801.87890625,
      "step": 10,
      "step_time_sec": 0.1694498062133789,
      "total_loss": 6.542568922042847,
      "z_grad_norm": 0.2514548599720001
    },
    {
      "finite_ratio": 1.0,
      "g_l1_norm": 0.30577656626701355,
      "g_main_l1_cosine": -0.013153305277228355,
      "g_main_norm": 0.09474258869886398,
      "loss1": 5.0548800230026245,
      "loss_main": 3.4317137002944946,
      "model_a_grad_finite": true,
      "model_a_grad_norm": 0.9960461688059845,
      "model_b_grad_finite": true,
      "model_b_grad_norm": 0.0888378262166796,
      "peak_gpu_memory_mb": 4801.87890625,
      "step": 20,
      "step_time_sec": 0.17081618309020996,
      "total_loss": 3.937201738357544,
      "z_grad_norm": 0.3335888385772705
    },
    {
      "finite_ratio": 1.0,
      "g_l1_norm": 0.04140585660934448,
      "g_main_l1_cosine": -0.04906386882066727,
      "g_main_norm": 0.06928479671478271,
      "loss1": 4.3684104681015015,
      "loss_main": 3.0371957421302795,
      "model_a_grad_finite": true,
      "model_a_grad_norm": 0.9980242756906507,
      "model_b_grad_finite": true,
      "model_b_grad_norm": 0.06282898157646971,
      "peak_gpu_memory_mb": 4801.87890625,
      "step": 30,
      "step_time_sec": 0.1690819263458252,
      "total_loss": 3.474036753177643,
      "z_grad_norm": 0.09455767273902893
    },
    {
      "finite_ratio": 1.0,
      "g_l1_norm": 0.04156115651130676,
      "g_main_l1_cosine": -0.09399322420358658,
      "g_main_norm": 0.10564696043729782,
      "loss1": 3.7740038633346558,
      "loss_main": 3.111622631549835,
      "model_a_grad_finite": true,
      "model_a_grad_norm": 0.9986915708091952,
      "model_b_grad_finite": true,
      "model_b_grad_norm": 0.05113970989628968,
      "peak_gpu_memory_mb": 4801.87890625,
      "step": 40,
      "step_time_sec": 0.1710653305053711,
      "total_loss": 3.489022970199585,
      "z_grad_norm": 0.1348952054977417
    },
    {
      "finite_ratio": 1.0,
      "g_l1_norm": 0.048699311912059784,
      "g_main_l1_cosine": -0.04053502529859543,
      "g_main_norm": 0.09084689617156982,
      "loss1": 3.3100298047065735,
      "loss_main": 2.500839650630951,
      "model_a_grad_finite": true,
      "model_a_grad_norm": 0.9991688690148396,
      "model_b_grad_finite": true,
      "model_b_grad_norm": 0.040765414257229765,
      "peak_gpu_memory_mb": 4801.87890625,
      "step": 50,
      "step_time_sec": 0.16884446144104004,
      "total_loss": 2.8318426609039307,
      "z_grad_norm": 0.12217897176742554
    },
    {
      "finite_ratio": 1.0,
      "g_l1_norm": 0.02867092378437519,
      "g_main_l1_cosine": 0.012416455894708633,
      "g_main_norm": 0.044342949986457825,
      "loss1": 2.761259377002716,
      "loss_main": 2.659285068511963,
      "model_a_grad_finite": true,
      "model_a_grad_norm": 0.9991651672463784,
      "model_b_grad_finite": true,
      "model_b_grad_norm": 0.040853682507060333,
      "peak_gpu_memory_mb": 4801.87890625,
      "step": 60,
      "step_time_sec": 0.16875362396240234,
      "total_loss": 2.935410976409912,
      "z_grad_norm": 0.06305892020463943
    },
    {
      "finite_ratio": 1.0,
      "g_l1_norm": 0.023579087108373642,
      "g_main_l1_cosine": 0.060415443032979965,
      "g_main_norm": 0.0482436902821064,
      "loss1": 2.4866239428520203,
      "loss_main": 2.5604017972946167,
      "model_a_grad_finite": true,
      "model_a_grad_norm": 0.9991948079735645,
      "model_b_grad_finite": true,
      "model_b_grad_norm": 0.040124253577049226,
      "peak_gpu_memory_mb": 4801.87890625,
      "step": 70,
      "step_time_sec": 0.17182183265686035,
      "total_loss": 2.809064209461212,
      "z_grad_norm": 0.06630892306566238
    },
    {
      "finite_ratio": 1.0,
      "g_l1_norm": 0.03871697187423706,
      "g_main_l1_cosine": 0.1271800696849823,
      "g_main_norm": 0.055167388170957565,
      "loss1": 2.1590118408203125,
      "loss_main": 2.7262802124023438,
      "model_a_grad_finite": true,
      "model_a_grad_norm": 0.9993901934061303,
      "model_b_grad_finite": true,
      "model_b_grad_norm": 0.03491562941428608,
      "peak_gpu_memory_mb": 4801.87890625,
      "step": 80,
      "step_time_sec": 0.16908740997314453,
      "total_loss": 2.942181408405304,
      "z_grad_norm": 0.08382338285446167
    },
    {
      "finite_ratio": 1.0,
      "g_l1_norm": 0.03070186637341976,
      "g_main_l1_cosine": -0.019957872107625008,
      "g_main_norm": 0.044946201145648956,
      "loss1": 1.8080453276634216,
      "loss_main": 2.5150718688964844,
      "model_a_grad_finite": true,
      "model_a_grad_norm": 0.999670585547143,
      "model_b_grad_finite": true,
      "model_b_grad_norm": 0.025664090110146687,
      "peak_gpu_memory_mb": 4801.87890625,
      "step": 90,
      "step_time_sec": 0.16927456855773926,
      "total_loss": 2.69587641954422,
      "z_grad_norm": 0.06384554505348206
    },
    {
      "finite_ratio": 1.0,
      "g_l1_norm": 0.04033011570572853,
      "g_main_l1_cosine": 0.00021836622909177095,
      "g_main_norm": 0.058343615382909775,
      "loss1": 1.7580943703651428,
      "loss_main": 2.4444550275802612,
      "model_a_grad_finite": true,