{
  "num_seeds": 3,
  "status": "complete",
  "test_loss1_nll": {
    "42": {
      "caption": 1.99132350285848,
      "reasoning": 1.9574474652608236,
      "summary": 1.6522624810536704
    },
    "43": {
      "caption": 1.9904481675889758,
      "reasoning": 1.9577466858757866,
      "summary": 1.6640408833821614
    },
    "44": {
      "caption": 1.9926384078131782,
      "reasoning": 1.9480140421125625,
      "summary": 1.6658406575520834
    }
  },
  "test_main_nll": {
    "42": 1.0495216157701281,
    "43": 1.0519069486194186,
    "44": 1.0642515632841323
  },
  "validation_loss1_nll": {
    "42": {
      "caption": 1.9669537557495964,
      "reasoning": 2.1168490515814886,
      "summary": 1.6983887486987643
    },
    "43": {
      "caption": 1.9600830223825243,
      "reasoning": 2.1192745076285466,
      "summary": 1.6824735773934258
    },
    "44": {
      "caption": 1.9712492717636956,
      "reasoning": 2.116955373022291,
      "summary": 1.6792856481340197
    }
  },
  "validation_main_nll": {
    "42": 1.1992610414822897,
    "43": 1.1914404418733384,
    "44": 1.2026415626207987
  }
}
